"Df","F value","Pr(>F)"
1,3.55831148267091,0.0592538218932137
49540,NA,NA
