"Df","F value","Pr(>F)"
1,0.191804552100805,0.661420286132608
69716,NA,NA
