"Df","F value","Pr(>F)"
1,2.26305201683042,0.132497346952864
68215,NA,NA
