"Df","F value","Pr(>F)"
1,53.2635874888466,2.95983588230302e-13
49994,NA,NA
