"Df","F value","Pr(>F)"
1,129.825597636365,4.60652250675598e-30
146602,NA,NA
