"Df","F value","Pr(>F)"
1,14.6714868381604,0.000128006100281808
202315,NA,NA
