"Df","F value","Pr(>F)"
1,4.04821632755388,0.0442332302610717
17624,NA,NA
