"Df","F value","Pr(>F)"
1,18.8779449876908,1.40444437853239e-05
12613,NA,NA
