"Df","F value","Pr(>F)"
1,1.89185978499499,0.168999594543532
42268,NA,NA
