"Df","F value","Pr(>F)"
1,0.0570752598026918,0.811181424510798
30116,NA,NA
