"Df","F value","Pr(>F)"
1,67.1170107709991,3.7982821179506e-15
386,NA,NA
