"Df","F value","Pr(>F)"
1,94.4899393523418,3.7083698575587e-20
393,NA,NA
