"Df","F value","Pr(>F)"
1,20.0694047997387,7.65080798467113e-06
4563,NA,NA
