"Df","F value","Pr(>F)"
1,5.32239039901288,0.0210866406277145
6064,NA,NA
