"Df","F value","Pr(>F)"
1,0.0441244330419978,0.833623448198418
36502,NA,NA
