"Df","F value","Pr(>F)"
1,0.915366513547461,0.338703118446676
26908,NA,NA
