"Df","F value","Pr(>F)"
1,23.1318616454116,1.53271271250785e-06
10992,NA,NA
