"Df","F value","Pr(>F)"
1,643.230219180852,2.42141983933702e-137
9450,NA,NA
