"Df","F value","Pr(>F)"
1,0.12432340641395,0.724474458035227
900,NA,NA
