"Df","F value","Pr(>F)"
1,4.1463052529918,0.042077727106714
747,NA,NA
