"Df","F value","Pr(>F)"
1,1.86191150415121,0.172502657828156
3123,NA,NA
