"Df","F value","Pr(>F)"
1,2.22276707063506,0.136131654495268
2213,NA,NA
