"Df","F value","Pr(>F)"
1,10.2221578869365,0.00138966967023447
21208,NA,NA
