"Df","F value","Pr(>F)"
1,15.5320538374074,8.13141496613558e-05
28116,NA,NA
