"Df","F value","Pr(>F)"
1,0.278085214195189,0.598002787180941
2671,NA,NA
