"Df","F value","Pr(>F)"
1,2.20176934865152,0.137976111277113
2548,NA,NA
