"Df","F value","Pr(>F)"
1,5.66738382001836,0.0178224588774609
347,NA,NA
