"Df","F value","Pr(>F)"
1,5.23795802134545,0.0225997559581179
416,NA,NA
