"Df","F value","Pr(>F)"
1,0.194101782664561,0.659543333365681
5041,NA,NA
