"Df","F value","Pr(>F)"
1,1.64077905627693,0.200286929297821
4348,NA,NA
