"Df","F value","Pr(>F)"
1,4.98866127734614,0.0255205921707009
33113,NA,NA
