"Df","F value","Pr(>F)"
1,9.90139325597083,0.00165262363660324
44576,NA,NA
