"Df","F value","Pr(>F)"
1,1.01571410675281,0.313576355792032
6324,NA,NA
