"Df","F value","Pr(>F)"
1,6.06913162921722,0.0137758158391032
8633,NA,NA
