"Df","F value","Pr(>F)"
1,20.9513384698756,4.71642799408365e-06
103952,NA,NA
