"Df","F value","Pr(>F)"
1,7.843447068931,0.00510121133556583
142669,NA,NA
