"Df","F value","Pr(>F)"
1,0.0901357857566776,0.764008405153383
16414,NA,NA
