"Df","F value","Pr(>F)"
1,6.56594729874837,0.01040124957107
22635,NA,NA
