"Df","F value","Pr(>F)"
1,0.267150469834825,0.605263120570068
8516,NA,NA
