"Df","F value","Pr(>F)"
1,1.38203971561002,0.239777854877764
11740,NA,NA
