"Df","F value","Pr(>F)"
1,0.0876116126314057,0.767245049297148
6603,NA,NA
