"Df","F value","Pr(>F)"
1,0.697347896317179,0.403699011765346
8775,NA,NA
