"Df","F value","Pr(>F)"
1,0.0710082108219212,0.789877133028458
20428,NA,NA
