"Df","F value","Pr(>F)"
1,1.45137337917186,0.228317692870149
28560,NA,NA
