"Df","F value","Pr(>F)"
1,4.64000530591794,0.0312580835164249
10276,NA,NA
