"Df","F value","Pr(>F)"
1,4.57465748209417,0.0324655011948276
13985,NA,NA
