"Df","F value","Pr(>F)"
1,1.29444772587929,0.255248242855868
14866,NA,NA
