"Df","F value","Pr(>F)"
1,2.62499449468082,0.105208265255912
20481,NA,NA
