"Df","F value","Pr(>F)"
1,3.14926276499641,0.0759774671612772
18785,NA,NA
