"Df","F value","Pr(>F)"
1,0.00458693861397647,0.946003948756921
14306,NA,NA
