"Df","F value","Pr(>F)"
1,6.87393841991335,0.00875300257337323
19385,NA,NA
