"Df","F value","Pr(>F)"
1,12.9646328287916,0.000318524952775143
14042,NA,NA
