"Df","F value","Pr(>F)"
1,8.06280769298032,0.00455387252642629
2567,NA,NA
