"Df","F value","Pr(>F)"
1,57.7425397612114,4.18740835078521e-14
2516,NA,NA
