"Df","F value","Pr(>F)"
1,0.147717873833947,0.700745123485257
4240,NA,NA
