"Df","F value","Pr(>F)"
1,29.595404148361,5.70425984470191e-08
3358,NA,NA
