"Df","F value","Pr(>F)"
1,0.00683367115493606,0.934117832681713
22677,NA,NA
