"Df","F value","Pr(>F)"
1,4.45583541552816,0.0347900467412949
31543,NA,NA
