"Df","F value","Pr(>F)"
1,5.44560949477436,0.0196337473745548
12184,NA,NA
