"Df","F value","Pr(>F)"
1,2.97439149363609,0.0846252059303893
9287,NA,NA
