"Df","F value","Pr(>F)"
1,4.7827370339116,0.0287637632177026
13292,NA,NA
