"Df","F value","Pr(>F)"
1,3.40300081280808,0.0651076538417702
9942,NA,NA
