"Type","Var","count","mean","sd","median","IQR"
"Fire Observations (USFS)","PM10",135,22.8962962962963,12.7280827565593,20,14
"Non-Fire Observations","PM10",9809,23.9503517178102,23.6533575532238,19,17
