"Df","F value","Pr(>F)"
1,0.375543823902866,0.540002182193295
31862,NA,NA
