"Df","F value","Pr(>F)"
1,19.4228041045595,1.05219600666594e-05
23145,NA,NA
