"Df","F value","Pr(>F)"
1,0.547123666958575,0.459499741459242
39537,NA,NA
