"Df","F value","Pr(>F)"
1,0.214777983713693,0.643051436011509
29091,NA,NA
