"Df","F value","Pr(>F)"
1,0.0382806084649173,0.84488194142982
33354,NA,NA
