"Df","F value","Pr(>F)"
1,3.92088906741774,0.0477012369174417
23625,NA,NA
