"Df","F value","Pr(>F)"
1,0.381810437691744,0.536649527769467
10333,NA,NA
