"Df","F value","Pr(>F)"
1,1.99565791134976,0.157772443351025
14215,NA,NA
