"Df","F value","Pr(>F)"
1,2.44048280447725,0.118283342119351
7272,NA,NA
