"Df","F value","Pr(>F)"
1,1.09111483407011,0.296271656250174
5335,NA,NA
