"Df","F value","Pr(>F)"
1,1.88536932200981,0.169782557699595
5362,NA,NA
