"Df","F value","Pr(>F)"
1,1.44611200714605,0.229192264211625
7222,NA,NA
