"Df","F value","Pr(>F)"
1,0.0280211712454774,0.867065283126664
5438,NA,NA
