"Df","F value","Pr(>F)"
1,60.1191854688369,1.10096222075366e-14
4415,NA,NA
