"Df","F value","Pr(>F)"
1,1.02764099123034,0.310715911635811
96716,NA,NA
