"Df","F value","Pr(>F)"
1,0.504000333325606,0.477748923118288
131505,NA,NA
