"Df","F value","Pr(>F)"
1,15.0543515098049,0.000105103534778106
10401,NA,NA
