"Df","F value","Pr(>F)"
1,9.41580609753993,0.00215818211516191
8282,NA,NA
