"Df","F value","Pr(>F)"
1,0.716739112740753,0.397216203753751
351148,NA,NA
