"Df","F value","Pr(>F)"
1,17.1557146323062,3.4448368379571e-05
252392,NA,NA
