"Df","F value","Pr(>F)"
1,1.89793934081469,0.168713090129839
763,NA,NA
