"Df","F value","Pr(>F)"
1,5.51612590309966,0.0189967681116028
1252,NA,NA
