"Df","F value","Pr(>F)"
1,0.634946808610914,0.425958545261174
459,NA,NA
