"Df","F value","Pr(>F)"
1,10.9023892630086,0.00101706786145583
604,NA,NA
