"Df","F value","Pr(>F)"
1,1.39055770206393,0.238315811856106
57583,NA,NA
