"Df","F value","Pr(>F)"
1,0.683692551550331,0.408320543963187
80723,NA,NA
