"Df","F value","Pr(>F)"
1,0.105583885382108,0.745240138318753
6075,NA,NA
