"Df","F value","Pr(>F)"
1,0.0938151299022265,0.759389715021346
8166,NA,NA
