"Df","F value","Pr(>F)"
1,17.6912197883892,2.65098259279534e-05
4313,NA,NA
