"Df","F value","Pr(>F)"
1,57.1994720125462,4.94744615498016e-14
3670,NA,NA
