"Df","F value","Pr(>F)"
1,154.499220327071,3.09389909425414e-35
11074,NA,NA
