"Df","F value","Pr(>F)"
1,0.372995719293842,0.54138634799381
13229,NA,NA
