"Df","F value","Pr(>F)"
1,9.63036206766258,0.00191534775493865
36072,NA,NA
