"Df","F value","Pr(>F)"
1,0.42474843680506,0.514580126351914
49923,NA,NA
