"Df","F value","Pr(>F)"
1,2.55316537621719,0.110076632903883
101666,NA,NA
