"Df","F value","Pr(>F)"
1,5.47848399975551e-05,0.994094389048384
74286,NA,NA
