"Df","F value","Pr(>F)"
1,0.689969628022214,0.406180487132062
34336,NA,NA
