"Df","F value","Pr(>F)"
1,4.10920438739035,0.0426609623454334
25117,NA,NA
