"Type","Var","count","mean","sd","median","IQR"
"Fire Observations (DOI)","PM10",119,28.6890756302521,26.4987201159295,22,16
"Non-Fire Observations","PM10",34219,30.3473801104649,48.1218637148673,21,20
