"Df","F value","Pr(>F)"
1,1.05673912174117,0.303973401828881
18686,NA,NA
