"Df","F value","Pr(>F)"
1,0.0735264312428215,0.786273942781605
13642,NA,NA
