"Df","F value","Pr(>F)"
1,32.0930083807824,3.39107785019889e-08
306,NA,NA
