"Df","F value","Pr(>F)"
1,29.3163765657859,8.23559765025251e-08
765,NA,NA
