"Df","F value","Pr(>F)"
1,0.296015049510301,0.586395749903575
28406,NA,NA
