"Df","F value","Pr(>F)"
1,0.943369406383816,0.331418851109125
38954,NA,NA
