"Stat","PVal"
3.80591487644844,1.527810388381e-09
