"Df","F value","Pr(>F)"
1,0.693029950874245,0.406803276386982
119,NA,NA
