"Df","F value","Pr(>F)"
1,22.7772170372349,3.32377841628685e-06
219,NA,NA
