"Df","F value","Pr(>F)"
1,0.388617061803594,0.533053360117584
5441,NA,NA
