"Df","F value","Pr(>F)"
1,1.22824242910121,0.267813714076253
4126,NA,NA
