"Df","F value","Pr(>F)"
1,15.4897227145984,8.32187683772382e-05
21278,NA,NA
