"Df","F value","Pr(>F)"
1,2.14884899309081,0.142687585844695
29195,NA,NA
