"Df","F value","Pr(>F)"
1,6.33141236892588,0.0119206364429068
2640,NA,NA
