"Df","F value","Pr(>F)"
1,0.894816347477566,0.34429656214485
1887,NA,NA
