"Df","F value","Pr(>F)"
1,25.2413630956479,5.97867520344775e-07
1011,NA,NA
