"Df","F value","Pr(>F)"
1,11.9504576680999,0.000565899563520432
1173,NA,NA
