"Df","F value","Pr(>F)"
1,1.71855207019315,0.189881609475952
144908,NA,NA
