"Df","F value","Pr(>F)"
1,0.119501909295856,0.72957570589973
197709,NA,NA
