"Df","F value","Pr(>F)"
1,5.3560282953233,0.0206677601590278
11854,NA,NA
