"Df","F value","Pr(>F)"
1,34.1831435107145,5.17835142709981e-09
9688,NA,NA
