"Stat","PVal"
3.73318275712518,2.61515342318052e-09
