"Df","F value","Pr(>F)"
1,128.276885188522,1.71339658936306e-29
7342,NA,NA
