"Stat","PVal"
3.77642781412214,2.0565884322571e-09
