"Df","F value","Pr(>F)"
1,45.9243397116201,1.29728295684323e-11
10156,NA,NA
