"Df","F value","Pr(>F)"
1,7.63373030873636,0.00573406919171119
19389,NA,NA
