"Df","F value","Pr(>F)"
1,3.87649958910972,0.0489858890816401
14255,NA,NA
