"Df","F value","Pr(>F)"
1,8.84935244411275,0.00294214461569962
6859,NA,NA
