"Df","F value","Pr(>F)"
1,14.2584287760322,0.000160353066722843
9161,NA,NA
