"Df","F value","Pr(>F)"
1,0.504304575696477,0.477619078614851
38800,NA,NA
