"Df","F value","Pr(>F)"
1,0.0140769938031843,0.905556266478032
28077,NA,NA
