"Df","F value","Pr(>F)"
1,4.67992876207726,0.0305669618752204
4728,NA,NA
