"Df","F value","Pr(>F)"
1,0.116326303757218,0.733065117629273
6210,NA,NA
