"Df","F value","Pr(>F)"
1,9.15830826693657,0.00248393495923826
7853,NA,NA
