"Df","F value","Pr(>F)"
1,0.825648278964369,0.363554550879999
10604,NA,NA
