"Df","F value","Pr(>F)"
1,5.67597412075962,0.0172149129348159
11520,NA,NA
