"Df","F value","Pr(>F)"
1,2.84822825182661,0.0914943337949669
15879,NA,NA
