"Df","F value","Pr(>F)"
1,205.851331968751,3.65756041250692e-46
8794,NA,NA
