"Df","F value","Pr(>F)"
1,21.7520879282167,3.14168038482426e-06
10269,NA,NA
