"Df","F value","Pr(>F)"
1,1.23770570683125,0.265926520747853
20825,NA,NA
