"Df","F value","Pr(>F)"
1,29.979148779216,4.4313539321288e-08
16395,NA,NA
