"Df","F value","Pr(>F)"
1,19.8172662660392,8.53611209408993e-06
60677,NA,NA
