"Df","F value","Pr(>F)"
1,5.49521090629944,0.0190709680130526
83159,NA,NA
