"Type","Var","count","mean","sd","median","IQR"
"Fire Observations (DOI)","PM10",117,23.9487179487179,16.4907738854844,21,13
"Non-Fire Observations","PM10",83044,38.6020784162613,47.4499900484184,29,25
