"Df","F value","Pr(>F)"
1,3.19361122824755,0.0740322199048771
2865,NA,NA
