"Df","F value","Pr(>F)"
1,0.108435631285904,0.741949491270469
3994,NA,NA
