"Df","F value","Pr(>F)"
1,3.54769911717376,0.0596928402689758
4477,NA,NA
