"Df","F value","Pr(>F)"
1,0.365312905983156,0.545603977643306
4070,NA,NA
