"Type","Var","count","mean","sd","median","IQR"
"Fire Observations (DOI)","PM10",297,16.1010101010101,12.1314547735296,13,13
"Non-Fire Observations","PM10",4182,14.5747967479675,10.5932381935964,12,10
