"Df","F value","Pr(>F)"
1,66.0533143995641,5.18508124391916e-16
6696,NA,NA
