"Df","F value","Pr(>F)"
1,0.4105241647244,0.521723593068695
7336,NA,NA
