"Df","F value","Pr(>F)"
1,1.35726717232701,0.24416724445517
1786,NA,NA
