"Df","F value","Pr(>F)"
1,1.55439238830661,0.212643483929401
1880,NA,NA
