"Df","F value","Pr(>F)"
1,16.7321289128268,4.33203694093482e-05
12287,NA,NA
