"Stat","PVal"
9.31322361948332,1.47937803542574e-22
