"Df","F value","Pr(>F)"
1,7.81266138455046,0.00519367302781955
17880,NA,NA
